{
  "accuracy": 0.6065340909090909,
  "precision": 0.49865951742627346,
  "recall": 0.6739130434782609,
  "f1": 0.5731895223420647,
  "auc": 0.6973113910334554
}